ORIGIN_AIRPORT,DEPARTURE_DELAY,LAT,LON,ABS_DELAY
10135,10.075221238938052,,,10.075221238938052
10136,3.368131868131868,,,3.368131868131868
10140,5.682483889865261,,,5.682483889865261
10141,1.803030303030303,,,1.803030303030303
10146,9.5,,,9.5
10154,22.857142857142858,,,22.857142857142858
10155,-4.147058823529412,,,4.147058823529412
10157,12.427272727272728,,,12.427272727272728
10158,0.017316017316017316,,,0.017316017316017316
10165,17.555555555555557,,,17.555555555555557
10170,-1.2307692307692308,,,1.2307692307692308
10185,2.8679245283018866,,,2.8679245283018866
10208,0.7605633802816901,,,0.7605633802816901
10257,1.9202898550724639,,,1.9202898550724639
10268,-5.981481481481482,,,5.981481481481482
10279,3.421602787456446,,,3.421602787456446
10299,1.4934952298352124,,,1.4934952298352124
10333,-1.1875,,,1.1875
10372,3.327272727272727,,,3.327272727272727
10397,4.329220779220779,,,4.329220779220779
10408,3.600806451612903,,,3.600806451612903
10423,6.885441527446301,,,6.885441527446301
10431,9.159090909090908,,,9.159090909090908
10434,8.08411214953271,,,8.08411214953271
10469,-0.8141592920353983,,,0.8141592920353983
10529,2.186262376237624,,,2.186262376237624
10551,0.11392405063291139,,,0.11392405063291139
10561,0.22674418604651161,,,0.22674418604651161
10577,5.293103448275862,,,5.293103448275862
10581,18.24,,,18.24
10599,6.409805735430157,,,6.409805735430157
10620,-2.745967741935484,,,2.745967741935484
10627,1.4643962848297214,,,1.4643962848297214
10631,-0.05172413793103448,,,0.05172413793103448
10685,-1.0933333333333333,,,1.0933333333333333
10693,5.745855045002369,,,5.745855045002369
10713,6.435100548446069,,,6.435100548446069
10721,5.259410288582183,,,5.259410288582183
10728,0.6419753086419753,,,0.6419753086419753
10731,9.481481481481481,,,9.481481481481481
10732,12.78888888888889,,,12.78888888888889
10739,5.56,,,5.56
10747,2.221052631578947,,,2.221052631578947
10754,0.7162162162162162,,,0.7162162162162162
10779,-5.491228070175438,,,5.491228070175438
10781,6.537581699346405,,,6.537581699346405
10785,6.469512195121951,,,6.469512195121951
10792,4.421370967741935,,,4.421370967741935
10800,2.8042168674698793,,,2.8042168674698793
10821,8.327376224516811,,,8.327376224516811
10849,-2.596825396825397,,,2.596825396825397
10868,8.287531806615776,,,8.287531806615776
10874,3.6492374727668846,,,3.6492374727668846
10918,-4.7,,,4.7
10926,-7.137931034482759,,,7.137931034482759
10980,5.154822335025381,,,5.154822335025381
10990,5.542600896860987,,,5.542600896860987
10994,6.527336860670194,,,6.527336860670194
11003,2.456175298804781,,,2.456175298804781
11013,3.5185185185185186,,,3.5185185185185186
11042,3.846840886536553,,,3.846840886536553
11049,-1.7826086956521738,,,1.7826086956521738
11057,4.911803860661194,,,4.911803860661194
11066,4.007260406582769,,,4.007260406582769
11067,-1.794871794871795,,,1.794871794871795
11076,-3.732142857142857,,,3.732142857142857
11097,3.6551724137931036,,,3.6551724137931036
11109,6.059440559440559,,,6.059440559440559
11111,6.556521739130435,,,6.556521739130435
11122,-1.9384615384615385,,,1.9384615384615385
11140,7.9824046920821115,,,7.9824046920821115
11146,4.883177570093458,,,4.883177570093458
11150,6.2924528301886795,,,6.2924528301886795
11193,2.5534729878721056,,,2.5534729878721056
11203,-4.021897810218978,,,4.021897810218978
11252,-1.0535714285714286,,,1.0535714285714286
11259,9.60822705227232,,,9.60822705227232
11267,2.846262341325811,,,2.846262341325811
11274,-1.144578313253012,,,1.144578313253012
11278,4.797842401500938,,,4.797842401500938
11292,5.830557016774797,,,5.830557016774797
11298,6.008306840324069,,,6.008306840324069
11308,5.675675675675675,,,5.675675675675675
11315,4.508771929824562,,,4.508771929824562
11337,3.1857142857142855,,,3.1857142857142855
11413,10.035294117647059,,,10.035294117647059
11423,5.006042296072508,,,5.006042296072508
11433,4.755371197617528,,,4.755371197617528
11447,-1.2173913043478262,,,1.2173913043478262
11471,12.758620689655173,,,12.758620689655173
11481,0.9573863636363636,,,0.9573863636363636
11503,-9.666666666666666,,,9.666666666666666
11525,-5.34,,,5.34
11537,-0.42934782608695654,,,0.42934782608695654
11540,4.079591836734694,,,4.079591836734694
11577,-4.203703703703703,,,4.203703703703703
11587,5.1020408163265305,,,5.1020408163265305
11603,4.3,,,4.3
11612,7.257294429708223,,,7.257294429708223
11617,4.3076923076923075,,,4.3076923076923075
11618,8.531649794192903,,,8.531649794192903
11624,-3.1773049645390072,,,3.1773049645390072
11630,-2.757575757575758,,,2.757575757575758
11637,2.9131313131313132,,,2.9131313131313132
11638,4.7882736156351795,,,4.7882736156351795
11641,4.212765957446808,,,4.212765957446808
11648,-6.278260869565218,,,6.278260869565218
11695,11.194630872483222,,,11.194630872483222
11697,7.294019933554817,,,7.294019933554817
11721,-0.689119170984456,,,0.689119170984456
11775,2.592326139088729,,,2.592326139088729
11778,-0.6606060606060606,,,0.6606060606060606
11823,0.22406639004149378,,,0.22406639004149378
11865,6.518072289156627,,,6.518072289156627
11867,-2.5535714285714284,,,2.5535714285714284
11884,4.4051282051282055,,,4.4051282051282055
11898,-0.3953488372093023,,,0.3953488372093023
11905,7.571428571428571,,,7.571428571428571
11921,6.36964980544747,,,6.36964980544747
11953,5.791855203619909,,,5.791855203619909
11973,0.5915492957746479,,,0.5915492957746479
11977,1.7164502164502164,,,1.7164502164502164
11980,-4.2075471698113205,,,4.2075471698113205
11982,-0.8558823529411764,,,0.8558823529411764
11986,1.7348571428571429,,,1.7348571428571429
11995,4.14795008912656,,,4.14795008912656
11996,2.303691275167785,,,2.303691275167785
12003,-1.6277777777777778,,,1.6277777777777778
12007,-0.39759036144578314,,,0.39759036144578314
12016,-1.0740740740740742,,,1.0740740740740742
12094,-4.2,,,4.2
12129,14.820512820512821,,,14.820512820512821
12156,0.7593984962406015,,,0.7593984962406015
12173,2.1702127659574466,,,2.1702127659574466
12177,-3.04,,,3.04
12191,7.254946043165468,,,7.254946043165468
12197,5.800884955752212,,,5.800884955752212
12206,4.2105263157894735,,,4.2105263157894735
12217,1.0975609756097562,,,1.0975609756097562
12255,-3.52,,,3.52
12264,6.0737850301525365,,,6.0737850301525365
12265,3.1904761904761907,,,3.1904761904761907
12266,5.513262920261227,,,5.513262920261227
12278,1.8147013782542114,,,1.8147013782542114
12280,1.5842105263157895,,,1.5842105263157895
12323,1.311881188118812,,,1.311881188118812
12335,-1.7358490566037736,,,1.7358490566037736
12339,4.106487695749441,,,4.106487695749441
12343,5.081632653061225,,,5.081632653061225
12389,0.6875,,,0.6875
12391,9.252906976744185,,,9.252906976744185
12402,-1.7315010570824525,,,1.7315010570824525
12441,2.825503355704698,,,2.825503355704698
12448,-0.8123980424143556,,,0.8123980424143556
12451,2.86375,,,2.86375
12478,7.825897435897436,,,7.825897435897436
12511,-6.618181818181818,,,6.618181818181818
12519,-8.352112676056338,,,8.352112676056338
12523,5.672025723472669,,,5.672025723472669
12758,-0.2121546961325967,,,0.2121546961325967
12819,4.005847953216374,,,4.005847953216374
12884,-1.6635071090047393,,,1.6635071090047393
12888,0.5510204081632653,,,0.5510204081632653
12889,6.6443251405083465,,,6.6443251405083465
12891,2.336283185840708,,,2.336283185840708
12892,5.181779966370406,,,5.181779966370406
12896,8.605392156862745,,,8.605392156862745
12898,4.897196261682243,,,4.897196261682243
12915,-3.7252747252747254,,,3.7252747252747254
12945,0.7160940325497287,,,0.7160940325497287
12951,4.076543209876543,,,4.076543209876543
12953,7.652363727079955,,,7.652363727079955
12954,5.012328767123288,,,5.012328767123288
12982,0.9465370595382746,,,0.9465370595382746
12992,3.2110091743119265,,,3.2110091743119265
13029,-0.5693430656934306,,,0.5693430656934306
13061,0.6914893617021277,,,0.6914893617021277
13076,7.967948717948718,,,7.967948717948718
13127,-4.74,,,4.74
13158,6.033747779751332,,,6.033747779751332
13184,4.708955223880597,,,4.708955223880597
13198,3.1207153502235467,,,3.1207153502235467
13204,4.9140625,,,4.9140625
13230,0.8814814814814815,,,0.8814814814814815
13232,4.844298856983552,,,4.844298856983552
13241,10.628205128205128,,,10.628205128205128
13244,2.7012534818941503,,,2.7012534818941503
13256,-2.8219178082191783,,,2.8219178082191783
13264,1.9380530973451326,,,1.9380530973451326
13277,3.3539518900343643,,,3.3539518900343643
13290,-2.2127659574468086,,,2.2127659574468086
13296,6.952117863720074,,,6.952117863720074
13303,5.170319798778297,,,5.170319798778297
13342,2.615353697749196,,,2.615353697749196
13344,1.0,,,1.0
13360,5.209090909090909,,,5.209090909090909
13367,-0.17421602787456447,,,0.17421602787456447
13377,2.746153846153846,,,2.746153846153846
13422,3.1711491442542785,,,3.1711491442542785
13433,-1.9712918660287082,,,1.9712918660287082
13459,2.56,,,2.56
13476,4.863013698630137,,,4.863013698630137
13485,2.4364779874213838,,,2.4364779874213838
13486,-0.9259259259259259,,,0.9259259259259259
13487,3.325809029165002,,,3.325809029165002
13495,4.215277777777778,,,4.215277777777778
13502,-5.8,,,5.8
13541,1.9090909090909092,,,1.9090909090909092
13577,4.959915611814346,,,4.959915611814346
13795,10.226415094339623,,,10.226415094339623
13796,4.824867724867725,,,4.824867724867725
13830,2.4109669811320753,,,2.4109669811320753
13851,3.316504854368932,,,3.316504854368932
13871,2.496828752642706,,,2.496828752642706
13873,10.24074074074074,,,10.24074074074074
13891,5.344532681734881,,,5.344532681734881
13930,4.8234933292439806,,,4.8234933292439806
13931,4.423925667828107,,,4.423925667828107
13933,4.196428571428571,,,4.196428571428571
13964,28.84375,,,28.84375
13970,10.140350877192983,,,10.140350877192983
14006,-2.642857142857143,,,2.642857142857143
14025,18.333333333333332,,,18.333333333333332
14027,5.601471489883507,,,5.601471489883507
14057,1.3751459939266526,,,1.3751459939266526
14098,5.5607476635514015,,,5.5607476635514015
14100,6.150917030567686,,,6.150917030567686
14107,4.633251231527094,,,4.633251231527094
14108,1.2204899777282852,,,1.2204899777282852
14109,3.0408163265306123,,,3.0408163265306123
14113,-6.62962962962963,,,6.62962962962963
14122,3.7513674788662357,,,3.7513674788662357
14150,1.8448275862068966,,,1.8448275862068966
14193,1.9397321428571428,,,1.9397321428571428
14222,100.875,,,100.875
14252,3.1116751269035534,,,3.1116751269035534
14254,-1.5714285714285714,,,1.5714285714285714
14256,7.464285714285714,,,7.464285714285714
14262,4.65814696485623,,,4.65814696485623
14307,3.5787937743190663,,,3.5787937743190663
14321,6.4222222222222225,,,6.4222222222222225
14457,6.468181818181818,,,6.468181818181818
14487,14.741379310344827,,,14.741379310344827
14489,-3.121693121693122,,,3.121693121693122
14492,3.36482661004954,,,3.36482661004954
14520,-2.5925925925925926,,,2.5925925925925926
14524,4.577146546158812,,,4.577146546158812
14543,-1.9444444444444444,,,1.9444444444444444
14570,4.945116279069768,,,4.945116279069768
14574,-0.47417840375586856,,,0.47417840375586856
14576,5.105491329479769,,,5.105491329479769
14588,4.761904761904762,,,4.761904761904762
14633,2.8908045977011496,,,2.8908045977011496
14635,2.2644026682838083,,,2.2644026682838083
14674,11.178571428571429,,,11.178571428571429
14679,3.7357779300891023,,,3.7357779300891023
14683,4.349451442503048,,,4.349451442503048
14685,6.3008,,,6.3008
14689,6.517890772128061,,,6.517890772128061
14696,6.530612244897959,,,6.530612244897959
14698,6.740259740259741,,,6.740259740259741
14709,-2.081081081081081,,,2.081081081081081
14711,-3.5517241379310347,,,3.5517241379310347
14730,3.129722921914358,,,3.129722921914358
14747,3.465948717948718,,,3.465948717948718
14771,6.460133764184264,,,6.460133764184264
14783,2.125252525252525,,,2.125252525252525
14794,3.0157068062827226,,,3.0157068062827226
14814,3.395348837209302,,,3.395348837209302
14828,2.1264367816091956,,,2.1264367816091956
14831,3.5010667479427005,,,3.5010667479427005
14842,4.627737226277373,,,4.627737226277373
14843,4.5327586206896555,,,4.5327586206896555
14869,1.084452510586812,,,1.084452510586812
14893,4.505287896592244,,,4.505287896592244
14905,5.701754385964913,,,5.701754385964913
14908,3.7473715830579755,,,3.7473715830579755
14952,2.9295774647887325,,,2.9295774647887325
14960,-2.061946902654867,,,2.061946902654867
14986,7.933797909407666,,,7.933797909407666
15016,3.6217080974649276,,,3.6217080974649276
15024,1.9674418604651163,,,1.9674418604651163
15027,9.421875,,,9.421875
15041,-0.42857142857142855,,,0.42857142857142855
15048,-4.351851851851852,,,4.351851851851852
15070,3.3508771929824563,,,3.3508771929824563
15096,3.1362126245847177,,,3.1362126245847177
15249,1.0037735849056604,,,1.0037735849056604
15295,-3.5180722891566263,,,3.5180722891566263
15304,3.931220219598094,,,3.931220219598094
15323,6.4605263157894735,,,6.4605263157894735
15356,3.57088122605364,,,3.57088122605364
15370,1.8455349959774738,,,1.8455349959774738
15376,3.326797385620915,,,3.326797385620915
15380,2.1105527638190953,,,2.1105527638190953
15389,-0.7108433734939759,,,0.7108433734939759
15401,10.753246753246753,,,10.753246753246753
15411,1.2985781990521328,,,1.2985781990521328
15412,3.8010204081632653,,,3.8010204081632653
15497,2.3076923076923075,,,2.3076923076923075
15607,7.63855421686747,,,7.63855421686747
15624,3.9792746113989637,,,3.9792746113989637
15841,9.5,,,9.5
15919,4.072398190045249,,,4.072398190045249
15991,-5.155172413793103,,,5.155172413793103
16218,0.26785714285714285,,,0.26785714285714285
10135,-2.8461538461538463,,,2.8461538461538463
10136,14.583333333333334,,,14.583333333333334
10140,10.553398058252426,,,10.553398058252426
10141,-3.25,,,3.25
10146,-5.0,,,5.0
10155,-3.8333333333333335,,,3.8333333333333335
10157,9.88888888888889,,,9.88888888888889
10158,-1.4375,,,1.4375
10170,-10.0,,,10.0
10185,16.615384615384617,,,16.615384615384617
10208,-4.1,,,4.1
10257,-2.9302325581395348,,,2.9302325581395348
10268,-6.0,,,6.0
10279,15.117647058823529,,,15.117647058823529
10299,-2.896103896103896,,,2.896103896103896
10333,-6.5,,,6.5
10372,-5.0,,,5.0
10397,2.491198182850653,,,2.491198182850653
10408,-4.545454545454546,,,4.545454545454546
10423,42.03669724770642,,,42.03669724770642
10431,-2.8125,,,2.8125
10434,-3.8333333333333335,,,3.8333333333333335
10469,-8.428571428571429,,,8.428571428571429
10529,1.076086956521739,,,1.076086956521739
10551,7.8,,,7.8
10561,-7.2727272727272725,,,7.2727272727272725
10577,-7.75,,,7.75
10581,43.5,,,43.5
10599,14.370967741935484,,,14.370967741935484
10620,-4.733333333333333,,,4.733333333333333
10627,-2.8666666666666667,,,2.8666666666666667
10631,-3.75,,,3.75
10685,-7.0,,,7.0
10693,9.446808510638299,,,9.446808510638299
10713,2.0317460317460316,,,2.0317460317460316
10721,3.0054249547920433,,,3.0054249547920433
10728,10.0,,,10.0
10731,-3.75,,,3.75
10732,-3.6666666666666665,,,3.6666666666666665
10739,-6.333333333333333,,,6.333333333333333
10747,8.833333333333334,,,8.833333333333334
10754,-5.333333333333333,,,5.333333333333333
10779,-7.75,,,7.75
10781,31.055555555555557,,,31.055555555555557
10785,-5.833333333333333,,,5.833333333333333
10792,-2.2142857142857144,,,2.2142857142857144
10800,-1.1789473684210525,,,1.1789473684210525
10821,5.484444444444445,,,5.484444444444445
10849,-6.684210526315789,,,6.684210526315789
10868,10.636363636363637,,,10.636363636363637
10874,-2.933333333333333,,,2.933333333333333
10918,-8.0,,,8.0
10926,18.5,,,18.5
10980,-3.8095238095238093,,,3.8095238095238093
10990,-1.3076923076923077,,,1.3076923076923077
10994,5.352112676056338,,,5.352112676056338
11003,1.5555555555555556,,,1.5555555555555556
11013,-4.333333333333333,,,4.333333333333333
11042,4.884615384615385,,,4.884615384615385
11049,25.454545454545453,,,25.454545454545453
11057,0.7532467532467533,,,0.7532467532467533
11066,8.482456140350877,,,8.482456140350877
11067,1.8181818181818181,,,1.8181818181818181
11076,-1.5,,,1.5
11097,21.0,,,21.0
11109,13.75,,,13.75
11111,-3.0,,,3.0
11122,-9.142857142857142,,,9.142857142857142
11140,41.578947368421055,,,41.578947368421055
11146,-3.7,,,3.7
11150,-2.8333333333333335,,,2.8333333333333335
11193,0.32978723404255317,,,0.32978723404255317
11203,19.625,,,19.625
11252,-4.857142857142857,,,4.857142857142857
11259,26.22257053291536,,,26.22257053291536
11267,3.4473684210526314,,,3.4473684210526314
11274,-9.0,,,9.0
11278,2.925531914893617,,,2.925531914893617
11292,6.761283851554664,,,6.761283851554664
11298,23.648034934497815,,,23.648034934497815
11308,-4.857142857142857,,,4.857142857142857
11315,-7.75,,,7.75
11337,0.08333333333333333,,,0.08333333333333333
11413,7.285714285714286,,,7.285714285714286
11423,-0.8636363636363636,,,0.8636363636363636
11433,7.96215139442231,,,7.96215139442231
11447,-8.0,,,8.0
11471,-6.75,,,6.75
11481,11.833333333333334,,,11.833333333333334
11503,-5.0,,,5.0
11525,-8.333333333333334,,,8.333333333333334
11537,11.090909090909092,,,11.090909090909092
11540,35.41935483870968,,,35.41935483870968
11577,-6.333333333333333,,,6.333333333333333
11587,81.66666666666667,,,81.66666666666667
11603,0.375,,,0.375
11612,-0.35,,,0.35
11617,-7.0,,,7.0
11618,7.255083179297597,,,7.255083179297597
11624,2.4,,,2.4
11630,-4.545454545454546,,,4.545454545454546
11637,4.758620689655173,,,4.758620689655173
11638,-0.10256410256410256,,,0.10256410256410256
11641,-5.0,,,5.0
11648,-3.25,,,3.25
11695,-0.5714285714285714,,,0.5714285714285714
11697,8.214689265536723,,,8.214689265536723
11721,-3.5,,,3.5
11775,27.307692307692307,,,27.307692307692307
11778,-5.8,,,5.8
11823,-2.2758620689655173,,,2.2758620689655173
11865,-9.0,,,9.0
11867,-2.25,,,2.25
11884,0.43478260869565216,,,0.43478260869565216
11898,-2.75,,,2.75
11905,12.0,,,12.0
11921,-3.230769230769231,,,3.230769230769231
11953,4.923076923076923,,,4.923076923076923
11973,42.53333333333333,,,42.53333333333333
11977,-0.5384615384615384,,,0.5384615384615384
11980,1.3333333333333333,,,1.3333333333333333
11982,29.238095238095237,,,29.238095238095237
11986,-4.208333333333333,,,4.208333333333333
11995,-1.0606060606060606,,,1.0606060606060606
11996,-2.5,,,2.5
12003,-1.5,,,1.5
12007,14.0,,,14.0
12016,1.5,,,1.5
12129,-8.2,,,8.2
12156,-1.375,,,1.375
12173,-0.6598360655737705,,,0.6598360655737705
12177,48.666666666666664,,,48.666666666666664
12191,30.995934959349594,,,30.995934959349594
12197,17.05,,,17.05
12206,56.2,,,56.2
12217,12.714285714285714,,,12.714285714285714
12255,-8.333333333333334,,,8.333333333333334
12264,5.481927710843373,,,5.481927710843373
12265,-6.0,,,6.0
12266,41.65459610027855,,,41.65459610027855
12278,4.230769230769231,,,4.230769230769231
12280,-6.363636363636363,,,6.363636363636363
12323,-5.333333333333333,,,5.333333333333333
12335,-13.0,,,13.0
12339,1.4615384615384615,,,1.4615384615384615
12343,-10.666666666666666,,,10.666666666666666
12389,-8.916666666666666,,,8.916666666666666
12391,1.1818181818181819,,,1.1818181818181819
12402,-5.133333333333334,,,5.133333333333334
12441,-5.333333333333333,,,5.333333333333333
12448,9.742857142857142,,,9.742857142857142
12451,4.457142857142857,,,4.457142857142857
12478,4.211864406779661,,,4.211864406779661
12511,-8.0,,,8.0
12519,-6.5,,,6.5
12523,-7.0,,,7.0
12758,5.354838709677419,,,5.354838709677419
12819,-11.583333333333334,,,11.583333333333334
12884,-5.1,,,5.1
12888,-2.6666666666666665,,,2.6666666666666665
12889,5.324797843665769,,,5.324797843665769
12891,26.833333333333332,,,26.833333333333332
12892,6.749003984063745,,,6.749003984063745
12896,41.75,,,41.75
12898,12.875,,,12.875
12915,10.222222222222221,,,10.222222222222221
12945,-2.0,,,2.0
12951,18.36842105263158,,,18.36842105263158
12953,5.059340659340659,,,5.059340659340659
12954,1.7674418604651163,,,1.7674418604651163
12982,1.3508771929824561,,,1.3508771929824561
12992,16.29824561403509,,,16.29824561403509
13029,-2.857142857142857,,,2.857142857142857
13061,35.0,,,35.0
13076,-4.777777777777778,,,4.777777777777778
13127,-5.666666666666667,,,5.666666666666667
13158,18.482758620689655,,,18.482758620689655
13184,0.7142857142857143,,,0.7142857142857143
13198,4.809523809523809,,,4.809523809523809
13204,4.715532286212914,,,4.715532286212914
13230,1.9333333333333333,,,1.9333333333333333
13232,5.956422018348624,,,5.956422018348624
13241,1.6,,,1.6
13244,4.2368421052631575,,,4.2368421052631575
13256,56.30769230769231,,,56.30769230769231
13264,-3.933333333333333,,,3.933333333333333
13277,8.866666666666667,,,8.866666666666667
13290,8.88888888888889,,,8.88888888888889
13296,1.7096774193548387,,,1.7096774193548387
13303,10.445910290237467,,,10.445910290237467
13342,0.0,,,0.0
13344,-7.0,,,7.0
13360,-3.3333333333333335,,,3.3333333333333335
13367,4.7894736842105265,,,4.7894736842105265
13377,18.866666666666667,,,18.866666666666667
13422,24.772727272727273,,,24.772727272727273
13433,-8.25,,,8.25
13459,-13.0,,,13.0
13476,-5.642857142857143,,,5.642857142857143
13485,-3.046511627906977,,,3.046511627906977
13486,-4.666666666666667,,,4.666666666666667
13487,2.6642728904847397,,,2.6642728904847397
13495,20.68020304568528,,,20.68020304568528
13502,-5.0,,,5.0
13577,-3.46875,,,3.46875
13795,-5.166666666666667,,,5.166666666666667
13796,5.56221198156682,,,5.56221198156682
13830,-1.361344537815126,,,1.361344537815126
13851,7.813953488372093,,,7.813953488372093
13871,3.1052631578947367,,,3.1052631578947367
13873,-4.5,,,4.5
13891,6.96969696969697,,,6.96969696969697
13930,4.241967213114754,,,4.241967213114754
13931,4.365384615384615,,,4.365384615384615
13933,11.666666666666666,,,11.666666666666666
13964,,,,
13970,2.5,,,2.5
14006,-7.0,,,7.0
14025,8.0,,,8.0
14027,0.18095238095238095,,,0.18095238095238095
14057,3.242424242424242,,,3.242424242424242
14098,-0.5714285714285714,,,0.5714285714285714
14100,4.042492917847025,,,4.042492917847025
14107,4.561379310344828,,,4.561379310344828
14108,-2.12,,,2.12
14109,-4.666666666666667,,,4.666666666666667
14113,-7.0,,,7.0
14122,0.48717948717948717,,,0.48717948717948717
14150,-2.5,,,2.5
14193,20.5,,,20.5
14222,-5.0,,,5.0
14252,3.8461538461538463,,,3.8461538461538463
14254,-7.25,,,7.25
14256,-4.75,,,4.75
14262,14.127659574468085,,,14.127659574468085
14307,12.21875,,,12.21875
14321,-1.56,,,1.56
14457,20.692307692307693,,,20.692307692307693
14487,-2.0,,,2.0
14489,-7.636363636363637,,,7.636363636363637
14492,11.579268292682928,,,11.579268292682928
14520,-8.4,,,8.4
14524,7.4941176470588236,,,7.4941176470588236
14543,-7.0,,,7.0
14570,-1.5692307692307692,,,1.5692307692307692
14574,-3.2,,,3.2
14576,-1.7560975609756098,,,1.7560975609756098
14588,15.8,,,15.8
14633,19.272727272727273,,,19.272727272727273
14635,-1.4324324324324325,,,1.4324324324324325
14674,11.0,,,11.0
14679,4.112994350282486,,,4.112994350282486
14683,16.384615384615383,,,16.384615384615383
14685,9.727272727272727,,,9.727272727272727
14689,-4.5,,,4.5
14696,26.434782608695652,,,26.434782608695652
14698,-4.8,,,4.8
14709,-9.0,,,9.0
14711,-7.0,,,7.0
14730,-0.020833333333333332,,,0.020833333333333332
14747,8.202898550724637,,,8.202898550724637
14771,3.965389369592089,,,3.965389369592089
14783,0.06896551724137931,,,0.06896551724137931
14794,-5.666666666666667,,,5.666666666666667
14814,17.03030303030303,,,17.03030303030303
14828,-8.5,,,8.5
14831,5.262295081967213,,,5.262295081967213
14842,11.333333333333334,,,11.333333333333334
14843,22.308943089430894,,,22.308943089430894
14869,3.7459016393442623,,,3.7459016393442623
14893,3.86,,,3.86
14905,-9.25,,,9.25
14908,5.215,,,5.215
14952,-1.625,,,1.625
14960,133.66666666666666,,,133.66666666666666
14986,7.176470588235294,,,7.176470588235294
15016,6.160337552742616,,,6.160337552742616
15024,-3.6363636363636362,,,3.6363636363636362
15027,-3.5,,,3.5
15041,-7.75,,,7.75
15048,-7.0,,,7.0
15070,1.5,,,1.5
15096,-1.2727272727272727,,,1.2727272727272727
15249,-3.0,,,3.0
15295,-8.0,,,8.0
15304,7.619672131147541,,,7.619672131147541
15323,1.1428571428571428,,,1.1428571428571428
15356,3.1875,,,3.1875
15370,15.173913043478262,,,15.173913043478262
15376,3.3506493506493507,,,3.3506493506493507
15380,-7.666666666666667,,,7.666666666666667
15389,-4.75,,,4.75
15401,-1.6,,,1.6
15411,1.25,,,1.25
15412,4.314285714285714,,,4.314285714285714
15497,-17.0,,,17.0
15607,-2.6,,,2.6
15624,-0.8,,,0.8
15841,-6.0,,,6.0
15919,11.64,,,11.64
15991,17.0,,,17.0
16218,-4.111111111111111,,,4.111111111111111
ABE,8.844812164579606,40.65236,-75.4404,8.844812164579606
ABI,5.783989266547406,32.41132,-99.6819,5.783989266547406
ABQ,8.87701464236806,35.04022,-106.60919,8.87701464236806
ABR,10.10105580693816,45.44906,-98.42183,10.10105580693816
ABY,8.8800461361015,31.53552,-84.19447,8.8800461361015
ACK,16.38888888888889,41.25305,-70.06018,16.38888888888889
ACT,7.607512953367876,31.61129,-97.23052,7.607512953367876
ACV,12.01732283464567,40.97812,-124.10862,12.01732283464567
ACY,9.946489241223103,39.45758,-74.57717,9.946489241223103
ADK,10.662921348314606,51.87796,-176.64603,10.662921348314606
ADQ,0.40503432494279173,57.74997,-152.49386,0.40503432494279173
AEX,9.122142390594382,31.32737,-92.54856,9.122142390594382
AGS,8.491474850809889,33.36996,-81.9645,8.491474850809889
AKN,2.6825396825396823,58.6768,-156.64922,2.6825396825396823
ALB,6.81318082788671,42.74812,-73.80298,6.81318082788671
ALO,5.588336192109777,42.55708,-92.40034,5.588336192109777
AMA,7.171806167400881,35.21937,-101.70593,7.171806167400881
ANC,3.4068158953722336,61.17432,-149.99619,3.4068158953722336
APN,4.9489051094890515,45.07807,-83.56029,4.9489051094890515
ASE,17.58753799392097,39.22316,-106.86885,17.58753799392097
ATL,9.340695270395837,33.64044,-84.42694,9.340695270395837
ATW,5.662332972192127,44.25741,-88.51948,5.662332972192127
AUS,10.216276772592575,30.19453,-97.66987,10.216276772592575
AVL,9.26219739292365,35.43619,-82.54181,9.26219739292365
AVP,8.960180315552217,41.33815,-75.72427,8.960180315552217
AZO,3.552119129438717,42.23488,-85.55206,3.552119129438717
BDL,7.60595380110617,41.93887,-72.68323,7.60595380110617
BET,1.7965909090909091,60.77978,-161.838,1.7965909090909091
BFL,5.823325635103926,35.4336,-119.05677,5.823325635103926
BGM,10.61003861003861,42.20848,-75.97961,10.61003861003861
BGR,5.892561983471074,44.80744,-68.82814,5.892561983471074
BHM,9.032906467822986,33.56294,-86.75355,9.032906467822986
BIL,1.4996498599439776,45.80766,-108.54286,1.4996498599439776
BIS,7.085714285714285,46.77411,-100.74672,7.085714285714285
BJI,5.433734939759036,47.50942,-94.93372,5.433734939759036
BLI,-0.06064880112834979,48.79275,-122.53753,0.06064880112834979
BMI,6.700341815419673,40.47799,-88.91595,6.700341815419673
BNA,9.782587214297989,36.12448,-86.67818,9.782587214297989
BOI,8.651038062283737,43.56444,-116.22278,8.651038062283737
BOS,9.605864584520688,42.36435,-71.00518,9.605864584520688
BPT,17.02085620197585,29.95083,-94.02069,17.02085620197585
BQK,8.254587155963304,31.25903,-81.46631,8.254587155963304
BQN,12.376126126126126,18.49486,-67.12944,12.376126126126126
BRD,-0.06529209621993128,46.39786,-94.13723,0.06529209621993128
BRO,5.051655629139073,25.90683,-97.42586,5.051655629139073
BRW,1.646135265700483,71.28545,-156.766,1.646135265700483
BTM,0.6743827160493827,45.9548,-112.49746,0.6743827160493827
BTR,11.009275114155251,30.53316,-91.14963,11.009275114155251
BTV,9.683719322502592,44.473,-73.15031,9.683719322502592
BUF,7.147856623879874,42.94052,-78.73217,7.147856623879874
BUR,6.030415590008613,34.20062,-118.3585,6.030415590008613
BWI,13.341158392434988,39.1754,-76.6682,13.341158392434988
BZN,5.965236893748248,45.7769,-111.15301,5.965236893748248
CAE,10.282213438735178,33.93884,-81.11954,10.282213438735178
CAK,6.157114295234922,40.91631,-81.44247,6.157114295234922
CDC,3.1625874125874125,37.70097,-113.09858,3.1625874125874125
CDV,-3.2618683001531394,60.49183,-145.47765,3.2618683001531394
CEC,17.413793103448278,41.78016,-124.23653,17.413793103448278
CHA,8.086819830713422,35.03527,-85.20379,8.086819830713422
CHO,12.777830412126955,38.13864,-78.45286,12.777830412126955
CHS,8.529817899369984,32.89865,-80.04051,8.529817899369984
CID,9.819830713422007,41.88459,-91.71087,9.819830713422007
CIU,10.748743718592964,46.25075,-84.47239,10.748743718592964
CLD,5.353503184713376,33.12723,-117.27873,5.353503184713376
CLE,8.491439367103554,41.41089,-81.8494,8.491439367103554
CLL,2.8732970027247955,30.58859,-96.36382,2.8732970027247955
CLT,8.438054478626453,35.21401,-80.94313,8.438054478626453
CMH,9.647878992732803,39.99799,-82.89188,9.647878992732803
CMI,7.708582834331337,40.03925,-88.27806,7.708582834331337
CMX,6.612179487179487,47.16842,-88.48906,6.612179487179487
CNY,-6.058536585365854,38.75496,-109.75484,6.058536585365854
COD,7.174578866768759,44.52019,-109.0238,7.174578866768759
COS,9.212734525040627,38.80581,-104.70025,9.212734525040627
COU,14.735788630904723,38.81809,-92.21963,14.735788630904723
CPR,0.9925544100801833,42.90836,-106.46447,0.9925544100801833
CRP,7.948945147679325,27.77036,-97.50122,7.948945147679325
CRW,11.518693596905887,38.37315,-81.59319,11.518693596905887
CSG,5.565504241281809,32.51633,-84.93886,5.565504241281809
CVG,9.449861864320065,39.04614,-84.66217,9.449861864320065
CWA,5.734065934065934,44.77762,-89.66678,5.734065934065934
DAB,5.330872483221476,29.17992,-81.05806,5.330872483221476
DAL,12.017256900212315,32.84711,-96.85177,12.017256900212315
DAY,7.536582459485224,39.90238,-84.21938,7.536582459485224
DBQ,4.834482758620689,42.40296,-90.70917,4.834482758620689
DCA,8.032378355062683,38.85208,-77.03772,8.032378355062683
DEN,11.8360186936113,39.85841,-104.667,11.8360186936113
DFW,11.528819899168871,32.89595,-97.0372,11.528819899168871
DHN,7.762670957361223,31.32134,-85.44963,7.762670957361223
DIK,1.210640608034745,46.79739,-102.80195,1.210640608034745
DLG,0.5584415584415584,59.04541,-158.50334,0.5584415584415584
DLH,8.400119976004799,46.84209,-92.19365,8.400119976004799
DRO,6.573122529644269,37.15152,-107.75377,6.573122529644269
DSM,10.455773955773957,41.53493,-93.66068,10.455773955773957
DTW,9.152796026576464,42.21206,-83.34884,9.152796026576464
DVL,6.004175365344468,48.11425,-98.90878,6.004175365344468
EAU,9.261006289308176,44.86526,-91.48507,9.261006289308176
ECP,5.869125090383225,,,5.869125090383225
EGE,15.744398340248962,39.64257,-106.9177,15.744398340248962
EKO,-3.771760154738878,40.82493,-115.7917,3.771760154738878
ELM,6.39065606361829,42.15991,-76.89144,6.39065606361829
ELP,7.958896016205267,31.80667,-106.37781,7.958896016205267
ERI,7.883098591549296,42.08202,-80.17622,7.883098591549296
ESC,7.226618705035971,45.72267,-87.09373,7.226618705035971
EUG,7.17474096891627,44.12326,-123.21869,7.17474096891627
EVV,7.665860215053764,38.03799,-87.53063,7.665860215053764
EWN,5.405643738977072,35.07297,-77.04294,5.405643738977072
EWR,13.638099867343115,40.6925,-74.16866,13.638099867343115
EYW,6.705220061412487,24.55611,-81.75956,6.705220061412487
FAI,3.4160919540229884,64.81368,-147.85967,3.4160919540229884
FAR,7.110136103151863,46.91935,-96.81499,7.110136103151863
FAT,10.01782890007189,36.77619,-119.71814,10.01782890007189
FAY,9.574165636588381,34.99147,-78.88,9.574165636588381
FCA,1.8435475834578974,48.3114,-114.25507,1.8435475834578974
FLG,4.087523277467412,35.13845,-111.67122,4.087523277467412
FLL,10.71564078629475,26.07258,-80.15275,10.71564078629475
FNT,4.450431034482759,42.9655,-83.74346,4.450431034482759
FSD,9.566274358479644,43.58135,-96.7417,9.566274358479644
FSM,6.924804177545692,35.33659,-94.36744,6.924804177545692
FWA,9.585801137477937,40.97847,-85.19515,9.585801137477937
GCC,1.4827586206896552,44.3489,-105.53936,1.4827586206896552
GCK,6.117370892018779,37.92752,-100.72441,6.117370892018779
GEG,4.9643876149212725,47.61986,-117.53384,4.9643876149212725
GFK,3.03781512605042,47.94926,-97.17611,3.03781512605042
GGG,8.134959349593496,32.38486,-94.71171,8.134959349593496
GJT,2.598026734563972,39.12241,-108.52673,2.598026734563972
GNV,8.749527767283718,29.69006,-82.27178,8.749527767283718
GPT,4.747875354107649,30.40728,-89.07009,4.747875354107649
GRB,4.536136939983094,44.48507,-88.12959,4.536136939983094
GRI,4.936274509803922,40.96747,-98.30861,4.936274509803922
GRK,6.243814432989691,31.0649,-97.8278,6.243814432989691
GRR,7.647381357534505,42.88082,-85.52277,7.647381357534505
GSO,9.979802651865556,36.09775,-79.9373,9.979802651865556
GSP,7.194132334581773,34.89567,-82.21886,7.194132334581773
GST,17.17105263157895,58.42438,-135.70738,17.17105263157895
GTF,0.9733606557377049,47.482,-111.37069,0.9733606557377049
GTR,7.414660831509847,33.45033,-88.59137,7.414660831509847
GUC,10.259493670886076,38.53396,-106.93318,10.259493670886076
GUM,16.647590361445783,13.48345,-144.79598,16.647590361445783
HDN,11.331877729257641,40.48118,-107.21766,11.331877729257641
HIB,1.2806818181818183,47.3866,-92.83899,1.2806818181818183
HLN,0.8492286115007013,46.60682,-111.98275,0.8492286115007013
HNL,2.69801934164032,21.31869,-157.92241,2.69801934164032
HOB,5.33029197080292,32.68753,-103.21703,5.33029197080292
HOU,12.13948138038604,29.64542,-95.27889,12.13948138038604
HPN,12.319151904031246,41.06696,-73.70757,12.319151904031246
HRL,3.446969696969697,26.22851,-97.65439,3.446969696969697
HSV,7.667793554203291,34.64045,-86.77311,7.667793554203291
HYA,23.182926829268293,41.66934,-70.28036,23.182926829268293
HYS,2.558139534883721,38.84494,-99.27403,2.558139534883721
IAD,12.7772713820657,38.94453,-77.45581,12.7772713820657
IAG,5.403846153846154,43.10726,-78.94538,5.403846153846154
IAH,11.579952993225493,29.98047,-95.33972,11.579952993225493
ICT,9.858154235145385,37.64996,-97.43305,9.858154235145385
IDA,0.6820627802690583,43.51456,-112.07017,0.6820627802690583
ILG,29.391752577319586,39.67872,-75.60653,29.391752577319586
ILM,5.966919739696312,34.27061,-77.90256,5.966919739696312
IMT,2.5845648604269296,45.81835,-88.11454,2.5845648604269296
IND,8.191127909289834,39.71733,-86.29438,8.191127909289834
INL,5.332743362831859,48.56619,-93.40307,5.332743362831859
ISN,4.279745324313569,48.17794,-103.64235,4.279745324313569
ISP,10.190934711131987,40.79524,-73.10021,10.190934711131987
ITH,14.633333333333333,42.49103,-76.45844,14.633333333333333
ITO,-0.8639467693924007,19.72026,-155.04847,0.8639467693924007
JAC,7.909222318589188,43.60732,-110.73774,7.909222318589188
JAN,7.08394634357421,32.31117,-90.07589,7.08394634357421
JAX,8.555306385602961,30.49406,-81.68786,8.555306385602961
JFK,12.128115040301088,40.63975,-73.77893,12.128115040301088
JLN,10.133647798742139,37.15181,-94.49827,10.133647798742139
JMS,4.0,46.92972,-98.6782,4.0
JNU,4.343541615213633,58.35496,-134.57628,4.343541615213633
KOA,1.446249661521798,19.73877,-156.04563,1.446249661521798
KTN,2.5822784810126582,55.35557,-131.71374,2.5822784810126582
LAN,7.13477537437604,42.7787,-84.58736,7.13477537437604
LAR,3.082437275985663,41.31205,-105.67499,3.082437275985663
LAS,10.953936278770929,36.08036,-115.15233,10.953936278770929
LAW,7.326069410815173,34.56771,-98.41664,7.326069410815173
LAX,10.669969104551237,33.94254,-118.40807,10.669969104551237
LBB,7.596338468408127,33.66364,-101.82278,7.596338468408127
LBE,9.939807383627608,40.27594,-79.4048,9.939807383627608
LCH,2.9324473975636765,30.1261,-93.2234,2.9324473975636765
LEX,7.035591471801926,38.03697,-84.60539,7.035591471801926
LFT,7.87291169451074,30.20528,-91.98766,7.87291169451074
LGA,13.231397840426872,40.77724,-73.87261,13.231397840426872
LGB,7.153378455890788,33.81772,-118.15161,7.153378455890788
LIH,0.5562535693889206,21.97598,-159.33896,0.5562535693889206
LIT,9.572749631087063,34.7294,-92.22425,9.572749631087063
LNK,5.796267496111975,40.85097,-96.75925,5.796267496111975
LRD,4.076707202993452,27.54374,-99.46154,4.076707202993452
LSE,5.146464646464646,43.87938,-91.25654,5.146464646464646
LWS,-2.9761904761904763,46.3745,-117.01539,2.9761904761904763
MAF,7.056593406593406,31.94253,-102.20191,7.056593406593406
MBS,7.816918429003021,43.53291,-84.07965,7.816918429003021
MCI,8.443697522952577,39.29761,-94.71391,8.443697522952577
MCO,12.05125382151696,28.42889,-81.31603,12.05125382151696
MDT,8.717479043775224,40.1935,-76.7634,8.717479043775224
MDW,12.860675978573328,41.78598,-87.75242,12.860675978573328
MEI,7.727374301675978,32.33313,-88.75121,7.727374301675978
MEM,8.959351845440066,35.04242,-89.97667,8.959351845440066
MFE,7.043293975174084,26.17583,-98.23861,7.043293975174084
MFR,7.496514965149651,42.37423,-122.8735,7.496514965149651
MGM,8.41738851459737,32.30064,-86.39398,8.41738851459737
MHK,4.001913265306122,39.14097,-96.67083,4.001913265306122
MHT,7.242064138043301,42.93452,-71.43706,7.242064138043301
MIA,12.527287834173931,25.79325,-80.29056,12.527287834173931
MKE,7.753963372967063,42.94722,-87.89658,7.753963372967063
MKG,8.555016181229773,43.16949,-86.23822,8.555016181229773
MLB,8.786737000753579,28.10275,-80.64581,8.786737000753579
MLI,8.866226259289844,41.44853,-90.50754,8.866226259289844
MLU,7.859861591695502,32.51087,-92.03769,7.859861591695502
MMH,9.92142857142857,37.62405,-118.83777,9.92142857142857
MOB,7.115283133752791,30.69142,-88.24283,7.115283133752791
MOT,4.917260273972603,48.25938,-101.28033,4.917260273972603
MQT,9.175084175084175,46.35364,-87.39536,9.175084175084175
MRY,7.383532723434201,36.58698,-121.84295,7.383532723434201
MSN,5.504741476631294,43.13986,-89.33751,5.504741476631294
MSO,1.781827016520894,46.91631,-114.09056,1.781827016520894
MSP,7.255144919728478,44.88055,-93.21692,7.255144919728478
MSY,8.706254556817,29.99339,-90.25803,8.706254556817
MTJ,5.272073921971253,38.50887,-107.89383,5.272073921971253
MVY,25.90731707317073,41.39303,-70.61433,25.90731707317073
MYR,9.681731784582894,33.67975,-78.92833,9.681731784582894
OAJ,10.27386262265834,34.82916,-77.61214,10.27386262265834
OAK,9.538164922281034,37.72129,-122.22072,9.538164922281034
OGG,3.5960122848925073,20.89865,-156.43046,3.5960122848925073
OKC,8.70567085094304,35.39309,-97.60073,8.70567085094304
OMA,7.818743563336766,41.30252,-95.89417,7.818743563336766
OME,5.540880503144654,64.5122,-165.44525,5.540880503144654
ONT,8.368175690855987,34.056,-117.60119,8.368175690855987
ORD,14.151374627360052,41.9796,-87.90446,14.151374627360052
ORF,9.70402456409694,36.89461,-76.20122,9.70402456409694
ORH,5.5266457680250785,42.26734,-71.87571,5.5266457680250785
OTH,17.777358490566037,43.41714,-124.24603,17.777358490566037
OTZ,4.788161993769471,66.88468,-162.59855,4.788161993769471
PAH,7.868167202572347,37.06083,-88.77375,7.868167202572347
PBG,12.075268817204302,,,12.075268817204302
PBI,12.300440964722823,26.68316,-80.09559,12.300440964722823
PDX,5.390662657026468,45.58872,-122.5975,5.390662657026468
PHF,11.210016155088853,37.1319,-76.49299,11.210016155088853
PHL,10.4501122973264,39.87195,-75.24114,10.4501122973264
PHX,8.668675936707993,33.43417,-112.00806,8.668675936707993
PIA,7.981395348837209,40.66424,-89.69331,7.981395348837209
PIB,7.593639575971731,31.46715,-89.33706,7.593639575971731
PIH,-1.3282208588957056,42.91131,-112.59586,1.3282208588957056
PIT,6.555934630612417,40.49147,-80.23287,6.555934630612417
PLN,10.675306957708049,45.57093,-84.79672,10.675306957708049
PNS,7.530885327524506,30.47331,-87.18744,7.530885327524506
PPG,15.102803738317757,14.33102,-170.71053,15.102803738317757
PSC,2.693970893970894,46.26468,-119.11903,2.693970893970894
PSE,2.734417344173442,18.0083,-66.56301,2.734417344173442
PSG,4.514503816793893,56.80165,-132.94528,4.514503816793893
PSP,8.029133858267716,33.82922,-116.50625,8.029133858267716
PUB,1.8932806324110671,38.28909,-104.49657,1.8932806324110671
PVD,7.573559384843431,41.724,-71.42822,7.573559384843431
PWM,9.362816281628163,43.64617,-70.30875,9.362816281628163
RAP,5.453105590062112,44.04532,-103.05737,5.453105590062112
RDD,6.429378531073446,40.50898,-122.2934,6.429378531073446
RDM,4.088983050847458,44.25407,-121.14996,4.088983050847458
RDU,9.780542551144745,35.87764,-78.78747,9.780542551144745
RHI,2.6006389776357826,45.63119,-89.46745,2.6006389776357826
RIC,10.28255051518801,37.50517,-77.31967,10.28255051518801
RKS,4.665178571428571,41.59422,-109.06519,4.665178571428571
RNO,7.952806023441745,39.49858,-119.76806,7.952806023441745
ROA,9.915879442195232,37.32547,-79.97543,9.915879442195232
ROC,7.820170610897083,43.11887,-77.67238,7.820170610897083
ROW,7.817391304347826,33.30156,-104.53056,7.817391304347826
RST,7.402932254802831,43.90883,-92.49799,7.402932254802831
RSW,8.799496892571767,26.53617,-81.75517,8.799496892571767
SAF,9.589903181189488,35.61678,-106.08814,9.589903181189488
SAN,8.354521889400921,32.73356,-117.18966,8.354521889400921
SAT,7.604750593824228,29.53369,-98.46978,7.604750593824228
SAV,10.826985413290114,32.12758,-81.20214,10.826985413290114
SBA,6.473041709053916,34.42621,-119.84037,6.473041709053916
SBN,11.158908507223114,41.70895,-86.31847,11.158908507223114
SBP,6.951108213820079,35.23706,-120.64239,6.951108213820079
SCC,0.15412186379928317,70.19476,-148.46516,0.15412186379928317
SCE,8.64334085778781,40.85121,-77.8463,8.64334085778781
SDF,8.859561254132025,38.17439,-85.736,8.859561254132025
SEA,6.800200948622325,47.44898,-122.30931,6.800200948622325
SFO,11.190665424249069,37.619,-122.37484,11.190665424249069
SGF,10.636303739087465,37.24433,-93.38686,10.636303739087465
SGU,3.535250987027637,37.09058,-113.59306,3.535250987027637
SHV,10.256048387096774,32.44663,-93.8256,10.256048387096774
SIT,1.2826086956521738,57.04714,-135.3616,1.2826086956521738
SJC,7.388918303595065,37.36186,-121.92901,7.388918303595065
SJT,7.454252577319588,31.35775,-100.49631,7.454252577319588
SJU,10.150608809348697,18.43942,-66.00183,10.150608809348697
SLC,4.768126864824126,40.78839,-111.97777,4.768126864824126
SMF,8.04152765345702,38.69542,-121.59077,8.04152765345702
SMX,8.89280245022971,34.89925,-120.45758,8.89280245022971
SNA,6.544614966725519,33.67566,-117.86822,6.544614966725519
SPI,9.624671916010499,39.84395,-89.67762,9.624671916010499
SPS,7.698723404255319,33.9888,-98.49189,7.698723404255319
SRQ,9.901890189018902,27.39533,-82.55411,9.901890189018902
STC,18.692307692307693,45.54532,-94.05834,18.692307692307693
STL,9.590645168253147,38.74769,-90.35999,9.590645168253147
STT,11.596140432457569,18.33731,-64.97336,11.596140432457569
STX,7.739316239316239,17.70189,-64.79856,7.739316239316239
SUN,4.347926267281106,43.50484,-114.29659,4.347926267281106
SUX,9.685279187817258,42.4026,-96.38437,9.685279187817258
SWF,10.25329428989751,41.50409,-74.10484,10.25329428989751
SYR,6.325036603221084,43.11119,-76.10631,6.325036603221084
TLH,7.301713197969543,30.39653,-84.35033,7.301713197969543
TOL,4.033407572383074,41.58681,-83.80783,4.033407572383074
TPA,10.191131401851443,27.97547,-82.53325,10.191131401851443
TRI,5.826086956521739,36.47521,-82.40742,5.826086956521739
TTN,14.44037356321839,40.27669,-74.81347,14.44037356321839
TUL,7.69308514505926,36.19837,-95.88824,7.69308514505926
TUS,5.827634566582075,32.11608,-110.94103,5.827634566582075
TVC,5.318726591760299,44.74144,-85.58224,5.318726591760299
TWF,-0.895910780669145,42.4818,-114.48774,0.895910780669145
TXK,4.9923913043478265,33.45371,-93.99102,4.9923913043478265
TYR,6.977737392094502,32.35414,-95.40239,6.977737392094502
TYS,10.729292334853612,35.81249,-83.99286,10.729292334853612
UST,16.368055555555557,,,16.368055555555557
VEL,-3.74,40.4409,-109.50992,3.74
VLD,7.316073354908307,30.7825,-83.27672,7.316073354908307
VPS,9.669601677148847,30.48325,-86.5254,9.669601677148847
WRG,3.091883614088821,56.48433,-132.36982,3.091883614088821
WYS,1.375,44.6884,-111.11764,1.375
XNA,11.886184283650106,36.28187,-94.30681,11.886184283650106
YAK,-6.292237442922374,59.50336,-139.66023,6.292237442922374
YUM,1.232470334412082,32.65658,-114.60597,1.232470334412082
